song_title,album_title,album_release_date_raw,album_release_date_iso,disc_number,track_number,release_group_mbid,release_mbid,recording_mbid
Blinded by the Light,"Greetings From Asbury Park, N.J.",1973,1973-01-01,1,,c497fc44-ddaf-3cce-a9b4-bfec958a0f3c,bbfabca0-ef57-428f-860d-eece549c0a99,3497900e-6c78-47d8-a6ae-4526e7f3bfd6
Growin’ Up,"Greetings From Asbury Park, N.J.",1973,1973-01-01,1,,c497fc44-ddaf-3cce-a9b4-bfec958a0f3c,bbfabca0-ef57-428f-860d-eece549c0a99,109c22b2-0d97-419f-bee4-edb7d6f8dbff
Mary Queen of Arkansas,"Greetings From Asbury Park, N.J.",1973,1973-01-01,1,,c497fc44-ddaf-3cce-a9b4-bfec958a0f3c,bbfabca0-ef57-428f-860d-eece549c0a99,13bdde38-e8cc-41cf-a0bb-6c195bb8665f
Does This Bus Stop at 82nd Street?,"Greetings From Asbury Park, N.J.",1973,1973-01-01,1,,c497fc44-ddaf-3cce-a9b4-bfec958a0f3c,bbfabca0-ef57-428f-860d-eece549c0a99,5eaa1035-3685-43a1-9236-0fd60952780d
Lost in the Flood,"Greetings From Asbury Park, N.J.",1973,1973-01-01,1,,c497fc44-ddaf-3cce-a9b4-bfec958a0f3c,bbfabca0-ef57-428f-860d-eece549c0a99,666148da-9889-470c-a2cd-efc9fb0c7199
The Angel,"Greetings From Asbury Park, N.J.",1973,1973-01-01,1,,c497fc44-ddaf-3cce-a9b4-bfec958a0f3c,bbfabca0-ef57-428f-860d-eece549c0a99,f8102160-84a5-4ecd-b1ad-f3c7e5ad6877
For You,"Greetings From Asbury Park, N.J.",1973,1973-01-01,1,,c497fc44-ddaf-3cce-a9b4-bfec958a0f3c,bbfabca0-ef57-428f-860d-eece549c0a99,d7610153-af46-4f96-ae68-564000948a65
Spirit in the Night,"Greetings From Asbury Park, N.J.",1973,1973-01-01,1,,c497fc44-ddaf-3cce-a9b4-bfec958a0f3c,bbfabca0-ef57-428f-860d-eece549c0a99,127f5477-caeb-462b-9689-57da3c9e6972
It’s Hard to Be a Saint in the City,"Greetings From Asbury Park, N.J.",1973,1973-01-01,1,,c497fc44-ddaf-3cce-a9b4-bfec958a0f3c,bbfabca0-ef57-428f-860d-eece549c0a99,a704d8cd-b6d7-4918-b865-82f623f4a4ce
The E Street Shuffle,"The Wild, the Innocent & The E Street Shuffle",1973,1973-01-01,1,,4b443e66-52a7-3cc9-a522-0dc64a6a51dc,b6be0f25-73e5-4699-b6f7-f84953451471,21e16c80-5adf-401e-8822-3bca9015204f
"4th of July, Asbury Park (Sandy)","The Wild, the Innocent & The E Street Shuffle",1973,1973-01-01,1,,4b443e66-52a7-3cc9-a522-0dc64a6a51dc,b6be0f25-73e5-4699-b6f7-f84953451471,50fe5560-3b67-4f0c-bed9-d3b6d59c677a
Kitty’s Back,"The Wild, the Innocent & The E Street Shuffle",1973,1973-01-01,1,,4b443e66-52a7-3cc9-a522-0dc64a6a51dc,b6be0f25-73e5-4699-b6f7-f84953451471,8e316e75-41b5-49e7-9f39-70f1c5fb22ae
Wild Billy’s Circus Story,"The Wild, the Innocent & The E Street Shuffle",1973,1973-01-01,1,,4b443e66-52a7-3cc9-a522-0dc64a6a51dc,b6be0f25-73e5-4699-b6f7-f84953451471,9f423f3c-e741-428a-9389-aa977ed0fc08
Incident on 57th Street,"The Wild, the Innocent & The E Street Shuffle",1973,1973-01-01,1,,4b443e66-52a7-3cc9-a522-0dc64a6a51dc,b6be0f25-73e5-4699-b6f7-f84953451471,bcad875f-5933-4a8e-90dc-045cf406fb7e
Rosalita (Come Out Tonight),"The Wild, the Innocent & The E Street Shuffle",1973,1973-01-01,1,,4b443e66-52a7-3cc9-a522-0dc64a6a51dc,b6be0f25-73e5-4699-b6f7-f84953451471,91fe6d8f-a4c8-488b-862e-6d317e310e8e
New York City Serenade,"The Wild, the Innocent & The E Street Shuffle",1973,1973-01-01,1,,4b443e66-52a7-3cc9-a522-0dc64a6a51dc,b6be0f25-73e5-4699-b6f7-f84953451471,09a69c99-3185-439f-8c59-3f6d0ed270fa
Thunder Road,Born to Run,1975,1975-01-01,1,,39b22944-7503-3937-8bba-09b17281cc6a,1929d226-f145-414d-8f1c-0c85f3adad62,bbcedc0f-2fff-42f4-9ca6-6d2263d1a042
Tenth Avenue Freeze‐Out,Born to Run,1975,1975-01-01,1,,39b22944-7503-3937-8bba-09b17281cc6a,1929d226-f145-414d-8f1c-0c85f3adad62,34a6e904-0d0b-4393-9ff0-07ef217c7d3d
Backstreets,Born to Run,1975,1975-01-01,1,,39b22944-7503-3937-8bba-09b17281cc6a,1929d226-f145-414d-8f1c-0c85f3adad62,c9fae3aa-03ce-4455-95e2-22fce0caa0c5
She’s the One,Born to Run,1975,1975-01-01,1,,39b22944-7503-3937-8bba-09b17281cc6a,1929d226-f145-414d-8f1c-0c85f3adad62,b4e0497b-e8a6-4af6-8f23-314639309d48
Born to Run,Born to Run,1975,1975-01-01,1,,39b22944-7503-3937-8bba-09b17281cc6a,1929d226-f145-414d-8f1c-0c85f3adad62,7ada2178-c1db-4a24-9760-810681e95308
Night,Born to Run,1975,1975-01-01,1,,39b22944-7503-3937-8bba-09b17281cc6a,1929d226-f145-414d-8f1c-0c85f3adad62,5d2e78bc-c616-484f-b1e4-8e010aa3641e
Meeting Across the River,Born to Run,1975,1975-01-01,1,,39b22944-7503-3937-8bba-09b17281cc6a,1929d226-f145-414d-8f1c-0c85f3adad62,4fc4a847-8270-433e-b410-394cdf398fa3
Jungleland,Born to Run,1975,1975-01-01,1,,39b22944-7503-3937-8bba-09b17281cc6a,1929d226-f145-414d-8f1c-0c85f3adad62,d7f8e734-6ede-46f5-90cd-983d052ca691
Badlands,Darkness on the Edge of Town,1978,1978-01-01,1,,b613123b-a234-3f48-9c45-e05bf4e6b9e7,e548fdf0-29fa-4469-920c-0c302b37cb85,6719f5e8-9b80-4956-8e11-ee1614a6693a
Adam Raised a Cain,Darkness on the Edge of Town,1978,1978-01-01,1,,b613123b-a234-3f48-9c45-e05bf4e6b9e7,e548fdf0-29fa-4469-920c-0c302b37cb85,ab37cf53-00a6-4e74-b10c-56eeb13fae55
Something in the Night,Darkness on the Edge of Town,1978,1978-01-01,1,,b613123b-a234-3f48-9c45-e05bf4e6b9e7,e548fdf0-29fa-4469-920c-0c302b37cb85,dbd46307-185e-4488-9081-37af7df8cab7
Candy’s Room,Darkness on the Edge of Town,1978,1978-01-01,1,,b613123b-a234-3f48-9c45-e05bf4e6b9e7,e548fdf0-29fa-4469-920c-0c302b37cb85,ca2c133c-6361-4dcf-ba8e-9d2e857fa5a2
Racing in the Street,Darkness on the Edge of Town,1978,1978-01-01,1,,b613123b-a234-3f48-9c45-e05bf4e6b9e7,e548fdf0-29fa-4469-920c-0c302b37cb85,98db830e-f88a-4fc7-a8a6-960b3c91a044
The Promised Land,Darkness on the Edge of Town,1978,1978-01-01,1,,b613123b-a234-3f48-9c45-e05bf4e6b9e7,e548fdf0-29fa-4469-920c-0c302b37cb85,d2d85458-9fb8-46f8-b41c-cc7a081fa641
Factory,Darkness on the Edge of Town,1978,1978-01-01,1,,b613123b-a234-3f48-9c45-e05bf4e6b9e7,e548fdf0-29fa-4469-920c-0c302b37cb85,3d7ef2fd-5885-4fb7-a068-09f4eba79f19
Streets of Fire,Darkness on the Edge of Town,1978,1978-01-01,1,,b613123b-a234-3f48-9c45-e05bf4e6b9e7,e548fdf0-29fa-4469-920c-0c302b37cb85,bee5a4f0-1e25-4b46-a337-a1704b052965
Prove It All Night,Darkness on the Edge of Town,1978,1978-01-01,1,,b613123b-a234-3f48-9c45-e05bf4e6b9e7,e548fdf0-29fa-4469-920c-0c302b37cb85,d162da72-61be-4311-9e9c-fb19c7f10cc7
Darkness on the Edge of Town,Darkness on the Edge of Town,1978,1978-01-01,1,,b613123b-a234-3f48-9c45-e05bf4e6b9e7,e548fdf0-29fa-4469-920c-0c302b37cb85,181db54e-9f5d-4ecc-9c3c-1501badd48e2
The Ties That Bind,The River,1980,1980-01-01,1,,8a6f6ede-b60a-3cad-b3b9-cfb57e9e1dbd,93e1442e-6719-4be4-8f8a-d885a0f13dbb,47b1592c-f0c6-4e1f-aa14-0e252643ff0e
Sherry Darling,The River,1980,1980-01-01,1,,8a6f6ede-b60a-3cad-b3b9-cfb57e9e1dbd,93e1442e-6719-4be4-8f8a-d885a0f13dbb,fd40a72d-8b30-47d3-9f47-ac7482666482
Jackson Cage,The River,1980,1980-01-01,1,,8a6f6ede-b60a-3cad-b3b9-cfb57e9e1dbd,93e1442e-6719-4be4-8f8a-d885a0f13dbb,1f5c2e45-cbf6-4b40-8b8d-49c6f69f74e5
Two Hearts,The River,1980,1980-01-01,1,,8a6f6ede-b60a-3cad-b3b9-cfb57e9e1dbd,93e1442e-6719-4be4-8f8a-d885a0f13dbb,4fb5ec61-9a50-4411-9e46-59a7263f7d38
Independence Day,The River,1980,1980-01-01,1,,8a6f6ede-b60a-3cad-b3b9-cfb57e9e1dbd,93e1442e-6719-4be4-8f8a-d885a0f13dbb,33b7cd4d-eb44-4ada-ae4e-7f780b0a8eac
Hungry Heart,The River,1980,1980-01-01,1,,8a6f6ede-b60a-3cad-b3b9-cfb57e9e1dbd,93e1442e-6719-4be4-8f8a-d885a0f13dbb,d38af851-b768-45e8-a8e0-4b38e684002f
Out in the Street,The River,1980,1980-01-01,1,,8a6f6ede-b60a-3cad-b3b9-cfb57e9e1dbd,93e1442e-6719-4be4-8f8a-d885a0f13dbb,6db451f3-95e0-44d8-9c46-17f0944d8e00
Crush on You,The River,1980,1980-01-01,1,,8a6f6ede-b60a-3cad-b3b9-cfb57e9e1dbd,93e1442e-6719-4be4-8f8a-d885a0f13dbb,d88d30bc-a5fc-4bd4-890c-60d6fb8d0b1f
You Can Look (but You Better Not Touch),The River,1980,1980-01-01,1,,8a6f6ede-b60a-3cad-b3b9-cfb57e9e1dbd,93e1442e-6719-4be4-8f8a-d885a0f13dbb,8eaa0668-37fb-4150-9107-91779d1b1fde
I Wanna Marry You,The River,1980,1980-01-01,1,,8a6f6ede-b60a-3cad-b3b9-cfb57e9e1dbd,93e1442e-6719-4be4-8f8a-d885a0f13dbb,2e11bbb7-a9ae-4444-88dc-c8b15a7c864f
The River,The River,1980,1980-01-01,1,,8a6f6ede-b60a-3cad-b3b9-cfb57e9e1dbd,93e1442e-6719-4be4-8f8a-d885a0f13dbb,3d61ab67-bf40-4fa8-a74d-304853c8a508
Point Blank,The River,1980,1980-01-01,1,,8a6f6ede-b60a-3cad-b3b9-cfb57e9e1dbd,93e1442e-6719-4be4-8f8a-d885a0f13dbb,3fbc5a86-db75-4ee7-aa24-daaa4659e8ae
Cadillac Ranch,The River,1980,1980-01-01,1,,8a6f6ede-b60a-3cad-b3b9-cfb57e9e1dbd,93e1442e-6719-4be4-8f8a-d885a0f13dbb,a129b89d-aa65-44fc-b1fa-9fc77fac71d7
I’m a Rocker,The River,1980,1980-01-01,1,,8a6f6ede-b60a-3cad-b3b9-cfb57e9e1dbd,93e1442e-6719-4be4-8f8a-d885a0f13dbb,fe3a4c76-08b3-43eb-984a-d1616c6d06aa
Fade Away,The River,1980,1980-01-01,1,,8a6f6ede-b60a-3cad-b3b9-cfb57e9e1dbd,93e1442e-6719-4be4-8f8a-d885a0f13dbb,fea4cbff-08c2-4457-9d17-ae822ae8711d
Stolen Car,The River,1980,1980-01-01,1,,8a6f6ede-b60a-3cad-b3b9-cfb57e9e1dbd,93e1442e-6719-4be4-8f8a-d885a0f13dbb,3a11bd43-0bee-485e-a53c-b5665e8ccccf
Ramrod,The River,1980,1980-01-01,1,,8a6f6ede-b60a-3cad-b3b9-cfb57e9e1dbd,93e1442e-6719-4be4-8f8a-d885a0f13dbb,c6c9f899-aed8-4f59-bb7b-43cafbfe9e73
The Price You Pay,The River,1980,1980-01-01,1,,8a6f6ede-b60a-3cad-b3b9-cfb57e9e1dbd,93e1442e-6719-4be4-8f8a-d885a0f13dbb,d7776044-8682-4700-85f8-91958bcf8343
Drive All Night,The River,1980,1980-01-01,1,,8a6f6ede-b60a-3cad-b3b9-cfb57e9e1dbd,93e1442e-6719-4be4-8f8a-d885a0f13dbb,4d6e49ab-12b5-4a52-8e0d-fbedda68f250
Wreck on the Highway,The River,1980,1980-01-01,1,,8a6f6ede-b60a-3cad-b3b9-cfb57e9e1dbd,93e1442e-6719-4be4-8f8a-d885a0f13dbb,75c79b14-ea07-4ac6-bbae-8f722264e760
Nebraska,Nebraska,1982,1982-01-01,1,,324aee0c-36ec-35c1-9c93-b67a1d428037,d84e45fc-07e9-4e4e-8cc4-7fc71a45aa5c,95fa8195-7bf9-4738-8682-23ce2a49fb0a
Atlantic City,Nebraska,1982,1982-01-01,1,,324aee0c-36ec-35c1-9c93-b67a1d428037,d84e45fc-07e9-4e4e-8cc4-7fc71a45aa5c,49a09711-fb05-495a-87eb-0346b14061bf
Mansion on the Hill,Nebraska,1982,1982-01-01,1,,324aee0c-36ec-35c1-9c93-b67a1d428037,d84e45fc-07e9-4e4e-8cc4-7fc71a45aa5c,fef68283-5157-4c74-a8dc-76a444eb679d
Johnny 99,Nebraska,1982,1982-01-01,1,,324aee0c-36ec-35c1-9c93-b67a1d428037,d84e45fc-07e9-4e4e-8cc4-7fc71a45aa5c,eae22cd3-750a-4e01-82e4-6df58b3d5070
Highway Patrolman,Nebraska,1982,1982-01-01,1,,324aee0c-36ec-35c1-9c93-b67a1d428037,d84e45fc-07e9-4e4e-8cc4-7fc71a45aa5c,82002f3e-b0ae-4d69-bbd4-92192d331b79
State Trooper,Nebraska,1982,1982-01-01,1,,324aee0c-36ec-35c1-9c93-b67a1d428037,d84e45fc-07e9-4e4e-8cc4-7fc71a45aa5c,d0af7ea0-b7b9-4236-b393-db3b2d2ce881
Used Cars,Nebraska,1982,1982-01-01,1,,324aee0c-36ec-35c1-9c93-b67a1d428037,d84e45fc-07e9-4e4e-8cc4-7fc71a45aa5c,bce60ecb-53b4-49e3-9661-183c76c4b563
Open All Night,Nebraska,1982,1982-01-01,1,,324aee0c-36ec-35c1-9c93-b67a1d428037,d84e45fc-07e9-4e4e-8cc4-7fc71a45aa5c,6c8fb1db-ac21-4363-846e-c2c2dcb3db10
My Father’s House,Nebraska,1982,1982-01-01,1,,324aee0c-36ec-35c1-9c93-b67a1d428037,d84e45fc-07e9-4e4e-8cc4-7fc71a45aa5c,9be6df53-1e1f-4d31-be2d-1f526cba533b
Reason to Believe,Nebraska,1982,1982-01-01,1,,324aee0c-36ec-35c1-9c93-b67a1d428037,d84e45fc-07e9-4e4e-8cc4-7fc71a45aa5c,c7e7f3f2-1edf-424a-a6a2-8d426001f24b
Born in the U.S.A.,Born in the U.S.A.,1984,1984-01-01,1,,3c39a076-8e52-38f2-8076-260d0672fb23,6be95ac7-748f-4591-8557-6eab3b1c57b1,7cafa219-936c-45d0-9673-af298ad1589e
Cover Me,Born in the U.S.A.,1984,1984-01-01,1,,3c39a076-8e52-38f2-8076-260d0672fb23,6be95ac7-748f-4591-8557-6eab3b1c57b1,d9d15e0e-3e1d-4ba1-8c1b-628e45035e5e
Darlington County,Born in the U.S.A.,1984,1984-01-01,1,,3c39a076-8e52-38f2-8076-260d0672fb23,6be95ac7-748f-4591-8557-6eab3b1c57b1,0e71119b-65bb-4e34-a8b0-8870d4cc213a
Working on the Highway,Born in the U.S.A.,1984,1984-01-01,1,,3c39a076-8e52-38f2-8076-260d0672fb23,6be95ac7-748f-4591-8557-6eab3b1c57b1,bf39f6ca-2bea-4c64-af05-e907dfa6c4e2
Downbound Train,Born in the U.S.A.,1984,1984-01-01,1,,3c39a076-8e52-38f2-8076-260d0672fb23,6be95ac7-748f-4591-8557-6eab3b1c57b1,a8cddb19-5bc2-409c-b147-5595731076af
I’m on Fire,Born in the U.S.A.,1984,1984-01-01,1,,3c39a076-8e52-38f2-8076-260d0672fb23,6be95ac7-748f-4591-8557-6eab3b1c57b1,457e1032-1e7f-451b-933e-aa8a23fa7c20
No Surrender,Born in the U.S.A.,1984,1984-01-01,1,,3c39a076-8e52-38f2-8076-260d0672fb23,6be95ac7-748f-4591-8557-6eab3b1c57b1,7d6ea922-dd25-4a27-85bc-f6279fd20bd3
Bobby Jean,Born in the U.S.A.,1984,1984-01-01,1,,3c39a076-8e52-38f2-8076-260d0672fb23,6be95ac7-748f-4591-8557-6eab3b1c57b1,619ee6cc-e9b6-4bd5-a6de-afd5cdebd96e
I’m Goin’ Down,Born in the U.S.A.,1984,1984-01-01,1,,3c39a076-8e52-38f2-8076-260d0672fb23,6be95ac7-748f-4591-8557-6eab3b1c57b1,9b4eae4f-fc37-4078-92de-6bd6a1ab21ec
Glory Days,Born in the U.S.A.,1984,1984-01-01,1,,3c39a076-8e52-38f2-8076-260d0672fb23,6be95ac7-748f-4591-8557-6eab3b1c57b1,914c9160-2084-4a5e-b8c2-8813df6bbf21
Dancing in the Dark,Born in the U.S.A.,1984,1984-01-01,1,,3c39a076-8e52-38f2-8076-260d0672fb23,6be95ac7-748f-4591-8557-6eab3b1c57b1,f2f99a81-9375-4557-8138-2a0a297f5c85
My Hometown,Born in the U.S.A.,1984,1984-01-01,1,,3c39a076-8e52-38f2-8076-260d0672fb23,6be95ac7-748f-4591-8557-6eab3b1c57b1,cf0afe0f-7fd7-4cb9-87a1-82a960739c2b
Ain’t Got You,Tunnel of Love,1987,1987-01-01,1,,b3559cb2-d7ad-32eb-a17e-54a873ce4122,54c0a631-9f0f-4189-88a1-e64fabe68504,15937bdb-673b-4a04-8a1d-7071348dadeb
Tougher Than the Rest,Tunnel of Love,1987,1987-01-01,1,,b3559cb2-d7ad-32eb-a17e-54a873ce4122,54c0a631-9f0f-4189-88a1-e64fabe68504,e7c22627-9e89-47d5-a526-ec494212fb2c
All That Heaven Will Allow,Tunnel of Love,1987,1987-01-01,1,,b3559cb2-d7ad-32eb-a17e-54a873ce4122,54c0a631-9f0f-4189-88a1-e64fabe68504,179f299e-24a1-4f4c-8d3e-e79086c71723
Spare Parts,Tunnel of Love,1987,1987-01-01,1,,b3559cb2-d7ad-32eb-a17e-54a873ce4122,54c0a631-9f0f-4189-88a1-e64fabe68504,c8402b44-638e-42ed-a98c-4ab4e441fd1c
Cautious Man,Tunnel of Love,1987,1987-01-01,1,,b3559cb2-d7ad-32eb-a17e-54a873ce4122,54c0a631-9f0f-4189-88a1-e64fabe68504,6c4c7b80-70b3-40b2-ae30-7a2f644f35b8
Walk Like a Man,Tunnel of Love,1987,1987-01-01,1,,b3559cb2-d7ad-32eb-a17e-54a873ce4122,54c0a631-9f0f-4189-88a1-e64fabe68504,17ec614e-f950-4083-8cd4-ca3ef695fd5c
Tunnel of Love,Tunnel of Love,1987,1987-01-01,1,,b3559cb2-d7ad-32eb-a17e-54a873ce4122,54c0a631-9f0f-4189-88a1-e64fabe68504,b1dddcd9-1052-4bd1-a9f2-ba13d4bcd0cd
Two Faces,Tunnel of Love,1987,1987-01-01,1,,b3559cb2-d7ad-32eb-a17e-54a873ce4122,54c0a631-9f0f-4189-88a1-e64fabe68504,a5b1fea4-459c-4fc7-86cf-c5080cb6f16d
Brilliant Disguise,Tunnel of Love,1987,1987-01-01,1,,b3559cb2-d7ad-32eb-a17e-54a873ce4122,54c0a631-9f0f-4189-88a1-e64fabe68504,b5738dd5-7df0-4d48-926a-a135650d56ee
One Step Up,Tunnel of Love,1987,1987-01-01,1,,b3559cb2-d7ad-32eb-a17e-54a873ce4122,54c0a631-9f0f-4189-88a1-e64fabe68504,75d931ec-3a28-47e0-99f7-3d04930b85da
When You’re Alone,Tunnel of Love,1987,1987-01-01,1,,b3559cb2-d7ad-32eb-a17e-54a873ce4122,54c0a631-9f0f-4189-88a1-e64fabe68504,ca2e7873-0b56-47e6-8c76-bec878aa87a7
Valentine’s Day,Tunnel of Love,1987,1987-01-01,1,,b3559cb2-d7ad-32eb-a17e-54a873ce4122,54c0a631-9f0f-4189-88a1-e64fabe68504,ad35ece5-edbf-4c50-8552-1a57b01de439
Human Touch,Human Touch,1992,1992-01-01,1,,220de9c6-fa5f-39e3-ae89-1faf8a8bbc67,d4fa7779-4c03-4705-b38f-3de68d74ba64,689b6827-1765-45cf-9310-641ac5aeb5b5
Soul Driver,Human Touch,1992,1992-01-01,1,,220de9c6-fa5f-39e3-ae89-1faf8a8bbc67,d4fa7779-4c03-4705-b38f-3de68d74ba64,b9614d90-eae2-426b-8cda-9c3dcdbe1b31
57 Channels (and Nothin’ On),Human Touch,1992,1992-01-01,1,,220de9c6-fa5f-39e3-ae89-1faf8a8bbc67,d4fa7779-4c03-4705-b38f-3de68d74ba64,1cb1a869-7e5b-4b03-a257-ed86258eafeb
Cross My Heart,Human Touch,1992,1992-01-01,1,,220de9c6-fa5f-39e3-ae89-1faf8a8bbc67,d4fa7779-4c03-4705-b38f-3de68d74ba64,349896b6-ebad-4701-82ac-7b37de4e912d
Gloria’s Eyes,Human Touch,1992,1992-01-01,1,,220de9c6-fa5f-39e3-ae89-1faf8a8bbc67,d4fa7779-4c03-4705-b38f-3de68d74ba64,3d6caadf-c1f6-433e-8d0c-2b153bd17737
With Every Wish,Human Touch,1992,1992-01-01,1,,220de9c6-fa5f-39e3-ae89-1faf8a8bbc67,d4fa7779-4c03-4705-b38f-3de68d74ba64,edc92cd6-7214-4fae-8c22-ec5dd1eb55bb
Roll of the Dice,Human Touch,1992,1992-01-01,1,,220de9c6-fa5f-39e3-ae89-1faf8a8bbc67,d4fa7779-4c03-4705-b38f-3de68d74ba64,2051fe72-6b91-410c-86a6-cdba35ad5c27
Real World,Human Touch,1992,1992-01-01,1,,220de9c6-fa5f-39e3-ae89-1faf8a8bbc67,d4fa7779-4c03-4705-b38f-3de68d74ba64,db941235-6726-4a9d-a956-c032e7f399d5
All or Nothin’ at All,Human Touch,1992,1992-01-01,1,,220de9c6-fa5f-39e3-ae89-1faf8a8bbc67,d4fa7779-4c03-4705-b38f-3de68d74ba64,79bb22c0-4eec-4b96-b7a5-70c7352e4350
Man’s Job,Human Touch,1992,1992-01-01,1,,220de9c6-fa5f-39e3-ae89-1faf8a8bbc67,d4fa7779-4c03-4705-b38f-3de68d74ba64,ae11b7c9-9ca9-4543-b677-3931c5ff03c7
I Wish I Were Blind,Human Touch,1992,1992-01-01,1,,220de9c6-fa5f-39e3-ae89-1faf8a8bbc67,d4fa7779-4c03-4705-b38f-3de68d74ba64,88cbc36d-955d-4555-bf71-1d0f755e8a7c
The Long Goodbye,Human Touch,1992,1992-01-01,1,,220de9c6-fa5f-39e3-ae89-1faf8a8bbc67,d4fa7779-4c03-4705-b38f-3de68d74ba64,ab194b32-e457-4095-8fb3-436291d34d3f
Real Man,Human Touch,1992,1992-01-01,1,,220de9c6-fa5f-39e3-ae89-1faf8a8bbc67,d4fa7779-4c03-4705-b38f-3de68d74ba64,5aed6049-7ce0-4039-b628-01089c8e4395
Pony Boy,Human Touch,1992,1992-01-01,1,,220de9c6-fa5f-39e3-ae89-1faf8a8bbc67,d4fa7779-4c03-4705-b38f-3de68d74ba64,ff537c38-cfda-474a-8ebc-36fbb991307f
Better Days,Lucky Town,1992,1992-01-01,1,,c0e8b10a-9478-30ea-a299-90ab2b703ab0,75351480-3ad5-4f64-9b87-f2e004f13910,bcf2897b-9073-4ff0-9c45-53dd467cb189
Lucky Town,Lucky Town,1992,1992-01-01,1,,c0e8b10a-9478-30ea-a299-90ab2b703ab0,75351480-3ad5-4f64-9b87-f2e004f13910,2548829a-9f66-4cec-b916-e7ae9e026b87
Local Hero,Lucky Town,1992,1992-01-01,1,,c0e8b10a-9478-30ea-a299-90ab2b703ab0,75351480-3ad5-4f64-9b87-f2e004f13910,30d9be79-aeb6-40e8-ae11-412e23168f06
If I Should Fall Behind,Lucky Town,1992,1992-01-01,1,,c0e8b10a-9478-30ea-a299-90ab2b703ab0,75351480-3ad5-4f64-9b87-f2e004f13910,26e8d081-cdfb-4738-ae10-c0746478838d
Leap of Faith,Lucky Town,1992,1992-01-01,1,,c0e8b10a-9478-30ea-a299-90ab2b703ab0,75351480-3ad5-4f64-9b87-f2e004f13910,0966bd21-a7ad-451c-9af9-722e198ec687
The Big Muddy,Lucky Town,1992,1992-01-01,1,,c0e8b10a-9478-30ea-a299-90ab2b703ab0,75351480-3ad5-4f64-9b87-f2e004f13910,bbbd8402-63e2-4495-b78e-b24f5505de1d
Living Proof,Lucky Town,1992,1992-01-01,1,,c0e8b10a-9478-30ea-a299-90ab2b703ab0,75351480-3ad5-4f64-9b87-f2e004f13910,e21b5fe0-1bf9-4837-a347-366962578c87
Book of Dreams,Lucky Town,1992,1992-01-01,1,,c0e8b10a-9478-30ea-a299-90ab2b703ab0,75351480-3ad5-4f64-9b87-f2e004f13910,3d83db67-43cc-4162-bcab-bec48c5c680f
Souls of the Departed,Lucky Town,1992,1992-01-01,1,,c0e8b10a-9478-30ea-a299-90ab2b703ab0,75351480-3ad5-4f64-9b87-f2e004f13910,186191e8-a72b-4065-88d6-0694f341596b
My Beautiful Reward,Lucky Town,1992,1992-01-01,1,,c0e8b10a-9478-30ea-a299-90ab2b703ab0,75351480-3ad5-4f64-9b87-f2e004f13910,9c0999ef-83a8-4671-b201-393df46d1073
The Ghost of Tom Joad,The Ghost of Tom Joad,1995,1995-01-01,1,,46ab3187-496d-3565-900e-57d89bacd22c,ebfb5064-7f08-40ba-84a7-b9a5e9c43f6f,b5a99727-7943-4207-a125-ff04a49a345c
Straight Time,The Ghost of Tom Joad,1995,1995-01-01,1,,46ab3187-496d-3565-900e-57d89bacd22c,ebfb5064-7f08-40ba-84a7-b9a5e9c43f6f,7f8c2da5-ea5e-4d7e-852d-2385780536e3
Highway 29,The Ghost of Tom Joad,1995,1995-01-01,1,,46ab3187-496d-3565-900e-57d89bacd22c,ebfb5064-7f08-40ba-84a7-b9a5e9c43f6f,98d01a1d-5511-4b73-bddf-cbb0a031983b
Youngstown,The Ghost of Tom Joad,1995,1995-01-01,1,,46ab3187-496d-3565-900e-57d89bacd22c,ebfb5064-7f08-40ba-84a7-b9a5e9c43f6f,4a2a50af-4f2e-40c3-84af-7850efa84031
Sinaloa Cowboys,The Ghost of Tom Joad,1995,1995-01-01,1,,46ab3187-496d-3565-900e-57d89bacd22c,ebfb5064-7f08-40ba-84a7-b9a5e9c43f6f,0267daef-bfde-4ae7-a730-18640ed1f385
The Line,The Ghost of Tom Joad,1995,1995-01-01,1,,46ab3187-496d-3565-900e-57d89bacd22c,ebfb5064-7f08-40ba-84a7-b9a5e9c43f6f,fa445edb-c66f-4122-9f21-a8e72e40d8c2
Balboa Park,The Ghost of Tom Joad,1995,1995-01-01,1,,46ab3187-496d-3565-900e-57d89bacd22c,ebfb5064-7f08-40ba-84a7-b9a5e9c43f6f,6ce2eed9-32db-4acd-bfa2-db0bca67dc69
Dry Lightning,The Ghost of Tom Joad,1995,1995-01-01,1,,46ab3187-496d-3565-900e-57d89bacd22c,ebfb5064-7f08-40ba-84a7-b9a5e9c43f6f,fccd4850-31a8-4eaf-a51d-082cb85fc4f2
The New Timer,The Ghost of Tom Joad,1995,1995-01-01,1,,46ab3187-496d-3565-900e-57d89bacd22c,ebfb5064-7f08-40ba-84a7-b9a5e9c43f6f,b9d30f45-7e58-422f-ab85-f4e2fdcc8366
Across the Border,The Ghost of Tom Joad,1995,1995-01-01,1,,46ab3187-496d-3565-900e-57d89bacd22c,ebfb5064-7f08-40ba-84a7-b9a5e9c43f6f,972fb708-4ae1-4e5a-bfe7-abca2cabbfd7
Galveston Bay,The Ghost of Tom Joad,1995,1995-01-01,1,,46ab3187-496d-3565-900e-57d89bacd22c,ebfb5064-7f08-40ba-84a7-b9a5e9c43f6f,85fb29fc-fce6-4cf1-bcd0-2cdd77a0ba9e
My Best Was Never Good Enough,The Ghost of Tom Joad,1995,1995-01-01,1,,46ab3187-496d-3565-900e-57d89bacd22c,ebfb5064-7f08-40ba-84a7-b9a5e9c43f6f,f481118c-1543-4955-a032-3785ec0356fa
Lonesome Day,The Rising,2002,2002-01-01,1,1,d19453c0-cd72-3468-b110-0f898c111e5e,fa8eb369-f759-4bc5-a0fb-383e5a886f22,b742f9b0-623e-41c2-9d8b-db6349618ad3
Into the Fire,The Rising,2002,2002-01-01,1,2,d19453c0-cd72-3468-b110-0f898c111e5e,fa8eb369-f759-4bc5-a0fb-383e5a886f22,5faff88e-c4c3-4da6-b7da-0b3c1e35f586
Waitin’ on a Sunny Day,The Rising,2002,2002-01-01,1,3,d19453c0-cd72-3468-b110-0f898c111e5e,fa8eb369-f759-4bc5-a0fb-383e5a886f22,f7b7bbb2-b504-4b45-b8b6-51eaa840d7d5
Nothing Man,The Rising,2002,2002-01-01,1,4,d19453c0-cd72-3468-b110-0f898c111e5e,fa8eb369-f759-4bc5-a0fb-383e5a886f22,ac2f8dea-5726-4ffc-a248-87f42fef2951
Countin’ On a Miracle,The Rising,2002,2002-01-01,1,5,d19453c0-cd72-3468-b110-0f898c111e5e,fa8eb369-f759-4bc5-a0fb-383e5a886f22,8326340e-a05d-4863-80a3-a0f83d6bb2bc
Empty Sky,The Rising,2002,2002-01-01,1,6,d19453c0-cd72-3468-b110-0f898c111e5e,fa8eb369-f759-4bc5-a0fb-383e5a886f22,bcdcae3c-31ee-4808-b57f-02b725751f86
Worlds Apart,The Rising,2002,2002-01-01,1,7,d19453c0-cd72-3468-b110-0f898c111e5e,fa8eb369-f759-4bc5-a0fb-383e5a886f22,4ba54512-631c-40b7-9a73-24e9a033dfb1
Let’s Be Friends (Skin to Skin),The Rising,2002,2002-01-01,1,8,d19453c0-cd72-3468-b110-0f898c111e5e,fa8eb369-f759-4bc5-a0fb-383e5a886f22,8763cd46-2af6-4f28-a271-cf37c309d428
Further On (up the Road),The Rising,2002,2002-01-01,1,9,d19453c0-cd72-3468-b110-0f898c111e5e,fa8eb369-f759-4bc5-a0fb-383e5a886f22,5ae7b31a-a5ae-404e-900b-5a3d1f5c5a76
The Fuse,The Rising,2002,2002-01-01,1,10,d19453c0-cd72-3468-b110-0f898c111e5e,fa8eb369-f759-4bc5-a0fb-383e5a886f22,b98c1fd4-81d7-4f41-8c29-d30d418b0e14
Mary’s Place,The Rising,2002,2002-01-01,1,11,d19453c0-cd72-3468-b110-0f898c111e5e,fa8eb369-f759-4bc5-a0fb-383e5a886f22,c4d0d821-8d7c-4ceb-a8bb-e4e84f05b2c0
You’re Missing,The Rising,2002,2002-01-01,1,12,d19453c0-cd72-3468-b110-0f898c111e5e,fa8eb369-f759-4bc5-a0fb-383e5a886f22,08ba151d-eeac-4e48-9a36-71748de56977
The Rising,The Rising,2002,2002-01-01,1,13,d19453c0-cd72-3468-b110-0f898c111e5e,fa8eb369-f759-4bc5-a0fb-383e5a886f22,42cb0c94-6e39-4fb7-bd12-9e7af5de1a65
Paradise,The Rising,2002,2002-01-01,1,14,d19453c0-cd72-3468-b110-0f898c111e5e,fa8eb369-f759-4bc5-a0fb-383e5a886f22,d1a26d57-91bb-49ce-83d3-2d10e2bf469d
My City of Ruins,The Rising,2002,2002-01-01,1,15,d19453c0-cd72-3468-b110-0f898c111e5e,fa8eb369-f759-4bc5-a0fb-383e5a886f22,145a39dc-5123-4db0-9fe7-b69946b23568
Devils & Dust,Devils & Dust,2005,2005-01-01,1,1,d5f992ab-6238-3b28-bf2b-7b16d913c9f6,8e46cd99-5d42-44be-ac5f-9a6420194f7e,d650b76f-3fd6-4e33-8ef8-751a2069c7c0
All the Way Home,Devils & Dust,2005,2005-01-01,1,2,d5f992ab-6238-3b28-bf2b-7b16d913c9f6,8e46cd99-5d42-44be-ac5f-9a6420194f7e,d4b654c3-38fa-473b-97fd-175d359a9fd0
Reno,Devils & Dust,2005,2005-01-01,1,3,d5f992ab-6238-3b28-bf2b-7b16d913c9f6,8e46cd99-5d42-44be-ac5f-9a6420194f7e,23dd1dab-f8c8-4a52-8c89-44937c3ed66d
Long Time Comin’,Devils & Dust,2005,2005-01-01,1,4,d5f992ab-6238-3b28-bf2b-7b16d913c9f6,8e46cd99-5d42-44be-ac5f-9a6420194f7e,d0635eee-c1a6-43c2-a8c0-99ea7d0481f5
Black Cowboys,Devils & Dust,2005,2005-01-01,1,5,d5f992ab-6238-3b28-bf2b-7b16d913c9f6,8e46cd99-5d42-44be-ac5f-9a6420194f7e,cd3999e8-6208-4cc5-b3c8-123a3d08643b
Maria’s Bed,Devils & Dust,2005,2005-01-01,1,6,d5f992ab-6238-3b28-bf2b-7b16d913c9f6,8e46cd99-5d42-44be-ac5f-9a6420194f7e,ba30624e-fe57-41a8-88c3-090e905801b0
Silver Palomino,Devils & Dust,2005,2005-01-01,1,7,d5f992ab-6238-3b28-bf2b-7b16d913c9f6,8e46cd99-5d42-44be-ac5f-9a6420194f7e,f0b8ce29-9be0-43a5-a97a-8fbd31b7a8e2
Jesus Was an Only Son,Devils & Dust,2005,2005-01-01,1,8,d5f992ab-6238-3b28-bf2b-7b16d913c9f6,8e46cd99-5d42-44be-ac5f-9a6420194f7e,a090ab18-15eb-4bd5-8709-bb2ad198840e
Leah,Devils & Dust,2005,2005-01-01,1,9,d5f992ab-6238-3b28-bf2b-7b16d913c9f6,8e46cd99-5d42-44be-ac5f-9a6420194f7e,4c3351df-8a7c-4ea5-a57f-8fee52f95cc2
The Hitter,Devils & Dust,2005,2005-01-01,1,10,d5f992ab-6238-3b28-bf2b-7b16d913c9f6,8e46cd99-5d42-44be-ac5f-9a6420194f7e,b20cef42-b64d-4401-ba76-805aeb788130
All I’m Thinkin’ About,Devils & Dust,2005,2005-01-01,1,11,d5f992ab-6238-3b28-bf2b-7b16d913c9f6,8e46cd99-5d42-44be-ac5f-9a6420194f7e,a825f2ef-40e7-4216-a4ef-961248f619f4
Matamoros Banks,Devils & Dust,2005,2005-01-01,1,12,d5f992ab-6238-3b28-bf2b-7b16d913c9f6,8e46cd99-5d42-44be-ac5f-9a6420194f7e,259e5e70-d913-4527-8146-e1e3b8cbd17b
Old Dan Tucker,We Shall Overcome: The Seeger Sessions,2006,2006-01-01,1,1,602387fa-a76f-3895-9039-1c812c6cb28c,e7e358b8-0b30-4f3d-b0a9-40920bbc137e,ca376ce1-0067-498d-a2db-bc295dbdf60b
Jesse James,We Shall Overcome: The Seeger Sessions,2006,2006-01-01,1,2,602387fa-a76f-3895-9039-1c812c6cb28c,e7e358b8-0b30-4f3d-b0a9-40920bbc137e,0c1046e6-da16-419b-ad53-5fb072341873
Mrs. McGrath,We Shall Overcome: The Seeger Sessions,2006,2006-01-01,1,3,602387fa-a76f-3895-9039-1c812c6cb28c,e7e358b8-0b30-4f3d-b0a9-40920bbc137e,4b4c911e-7f66-435f-ae50-d9183c1cf577
O Mary Don’t You Weep,We Shall Overcome: The Seeger Sessions,2006,2006-01-01,1,4,602387fa-a76f-3895-9039-1c812c6cb28c,e7e358b8-0b30-4f3d-b0a9-40920bbc137e,22ca83f3-e3cf-4007-93f3-3693b8b6e8bd
John Henry,We Shall Overcome: The Seeger Sessions,2006,2006-01-01,1,5,602387fa-a76f-3895-9039-1c812c6cb28c,e7e358b8-0b30-4f3d-b0a9-40920bbc137e,9539089d-0919-4a5b-bcc7-1ace9c95e368
Erie Canal,We Shall Overcome: The Seeger Sessions,2006,2006-01-01,1,6,602387fa-a76f-3895-9039-1c812c6cb28c,e7e358b8-0b30-4f3d-b0a9-40920bbc137e,97a2ad20-ea5c-4407-8838-607b0dfd54bd
Jacob’s Ladder,We Shall Overcome: The Seeger Sessions,2006,2006-01-01,1,7,602387fa-a76f-3895-9039-1c812c6cb28c,e7e358b8-0b30-4f3d-b0a9-40920bbc137e,efa57ae3-cf6c-4cf8-b2c8-f88c995f7a6b
My Oklahoma Home,We Shall Overcome: The Seeger Sessions,2006,2006-01-01,1,8,602387fa-a76f-3895-9039-1c812c6cb28c,e7e358b8-0b30-4f3d-b0a9-40920bbc137e,1eefc147-94b4-4595-bc56-9e74005ff07a
Eyes on the Prize,We Shall Overcome: The Seeger Sessions,2006,2006-01-01,1,9,602387fa-a76f-3895-9039-1c812c6cb28c,e7e358b8-0b30-4f3d-b0a9-40920bbc137e,30db2cc8-9960-47dd-afaa-d8d3eddb8fc9
Shenandoah,We Shall Overcome: The Seeger Sessions,2006,2006-01-01,1,10,602387fa-a76f-3895-9039-1c812c6cb28c,e7e358b8-0b30-4f3d-b0a9-40920bbc137e,525ec069-43a2-4146-b13b-cdc5ccbd36e6
Pay Me My Money Down,We Shall Overcome: The Seeger Sessions,2006,2006-01-01,1,11,602387fa-a76f-3895-9039-1c812c6cb28c,e7e358b8-0b30-4f3d-b0a9-40920bbc137e,6a613f78-899d-4de9-9b38-4308ebccc06a
We Shall Overcome,We Shall Overcome: The Seeger Sessions,2006,2006-01-01,1,12,602387fa-a76f-3895-9039-1c812c6cb28c,e7e358b8-0b30-4f3d-b0a9-40920bbc137e,1b8a5c3e-d37d-4ee4-ab67-1e1e01073041
Froggie Went a Courtin’,We Shall Overcome: The Seeger Sessions,2006,2006-01-01,1,13,602387fa-a76f-3895-9039-1c812c6cb28c,e7e358b8-0b30-4f3d-b0a9-40920bbc137e,342c7ce7-6f4c-42c5-a628-fabff0613592
Radio Nowhere,Magic,2007,2007-01-01,1,1,5af7998f-9b53-3ebb-8f09-ebfbca703a59,b339ce62-af15-4115-a3b4-0a31b3cac805,4b090e66-b405-4278-8826-eedd0c6b6f31
You’ll Be Comin’ Down,Magic,2007,2007-01-01,1,2,5af7998f-9b53-3ebb-8f09-ebfbca703a59,b339ce62-af15-4115-a3b4-0a31b3cac805,c795755e-5872-4fe1-bc1e-18ca5646028a
Livin’ in the Future,Magic,2007,2007-01-01,1,3,5af7998f-9b53-3ebb-8f09-ebfbca703a59,b339ce62-af15-4115-a3b4-0a31b3cac805,3c3fc1f9-0069-4335-8242-0e48d53a1409
Your Own Worst Enemy,Magic,2007,2007-01-01,1,4,5af7998f-9b53-3ebb-8f09-ebfbca703a59,b339ce62-af15-4115-a3b4-0a31b3cac805,8aaf9888-4a55-43dd-975e-267b517532ba
Gypsy Biker,Magic,2007,2007-01-01,1,5,5af7998f-9b53-3ebb-8f09-ebfbca703a59,b339ce62-af15-4115-a3b4-0a31b3cac805,80430a6e-5cbf-4f1f-9e6d-c0c31d0c21cd
Girls in Their Summer Clothes,Magic,2007,2007-01-01,1,6,5af7998f-9b53-3ebb-8f09-ebfbca703a59,b339ce62-af15-4115-a3b4-0a31b3cac805,3f7019a0-4b55-46d5-bf2e-024fc93df4ef
I’ll Work for Your Love,Magic,2007,2007-01-01,1,7,5af7998f-9b53-3ebb-8f09-ebfbca703a59,b339ce62-af15-4115-a3b4-0a31b3cac805,de7fd59b-e11f-4b14-826b-d5d4b71f664c
Magic,Magic,2007,2007-01-01,1,8,5af7998f-9b53-3ebb-8f09-ebfbca703a59,b339ce62-af15-4115-a3b4-0a31b3cac805,e5db695c-15c2-4738-8ed2-01de4ab56f92
Last to Die,Magic,2007,2007-01-01,1,9,5af7998f-9b53-3ebb-8f09-ebfbca703a59,b339ce62-af15-4115-a3b4-0a31b3cac805,d24e4c7b-df21-463a-8b03-02ebe5b0dac4
Long Walk Home,Magic,2007,2007-01-01,1,10,5af7998f-9b53-3ebb-8f09-ebfbca703a59,b339ce62-af15-4115-a3b4-0a31b3cac805,3f061c2f-c43a-41b1-9ded-e1b89d7dc687
Devil’s Arcade,Magic,2007,2007-01-01,1,11,5af7998f-9b53-3ebb-8f09-ebfbca703a59,b339ce62-af15-4115-a3b4-0a31b3cac805,3b279734-85a4-483f-b558-8219292ccdd3
Terry’s Song,Magic,2007,2007-01-01,1,12,5af7998f-9b53-3ebb-8f09-ebfbca703a59,b339ce62-af15-4115-a3b4-0a31b3cac805,d935837b-84a3-4818-a77f-ed3be0b47818
Outlaw Pete,Working on a Dream,2009-01,2009-01-01,1,1,9cec178a-f785-33c5-8888-63ba27efca4c,bc8ffa4d-a423-4fbf-8b43-15f574493a56,1a4054e4-5f40-430a-9918-f541945a7096
My Lucky Day,Working on a Dream,2009-01,2009-01-01,1,2,9cec178a-f785-33c5-8888-63ba27efca4c,bc8ffa4d-a423-4fbf-8b43-15f574493a56,2800e9ca-0c63-4670-ad4c-5a1e50085d5b
Working on a Dream,Working on a Dream,2009-01,2009-01-01,1,3,9cec178a-f785-33c5-8888-63ba27efca4c,bc8ffa4d-a423-4fbf-8b43-15f574493a56,15dc8966-eafb-41c1-a293-f3fa77e993fb
Queen of the Supermarket,Working on a Dream,2009-01,2009-01-01,1,4,9cec178a-f785-33c5-8888-63ba27efca4c,bc8ffa4d-a423-4fbf-8b43-15f574493a56,f3d4ee5f-d57b-4659-8ce2-426b058251b4
What Love Can Do,Working on a Dream,2009-01,2009-01-01,1,5,9cec178a-f785-33c5-8888-63ba27efca4c,bc8ffa4d-a423-4fbf-8b43-15f574493a56,1469dcfa-2d31-449b-841c-cdd36fb49c13
This Life,Working on a Dream,2009-01,2009-01-01,1,6,9cec178a-f785-33c5-8888-63ba27efca4c,bc8ffa4d-a423-4fbf-8b43-15f574493a56,463c322a-c5bc-4bc4-8640-6f64112de930
Good Eye,Working on a Dream,2009-01,2009-01-01,1,7,9cec178a-f785-33c5-8888-63ba27efca4c,bc8ffa4d-a423-4fbf-8b43-15f574493a56,45c431a0-5a22-4430-b44d-659ce07a2144
Tomorrow Never Knows,Working on a Dream,2009-01,2009-01-01,1,8,9cec178a-f785-33c5-8888-63ba27efca4c,bc8ffa4d-a423-4fbf-8b43-15f574493a56,6ca05683-0abf-4d07-ae4d-eb3953115c6f
Life Itself,Working on a Dream,2009-01,2009-01-01,1,9,9cec178a-f785-33c5-8888-63ba27efca4c,bc8ffa4d-a423-4fbf-8b43-15f574493a56,bfc6561a-a12a-4ca1-802c-7920c338a6eb
Kingdom of Days,Working on a Dream,2009-01,2009-01-01,1,10,9cec178a-f785-33c5-8888-63ba27efca4c,bc8ffa4d-a423-4fbf-8b43-15f574493a56,52449e13-1dee-4cbc-b024-cb727286c68d
"Surprise, Surprise",Working on a Dream,2009-01,2009-01-01,1,11,9cec178a-f785-33c5-8888-63ba27efca4c,bc8ffa4d-a423-4fbf-8b43-15f574493a56,0ec7e639-1d14-4c6f-82be-10baa4cddabe
The Last Carnival,Working on a Dream,2009-01,2009-01-01,1,12,9cec178a-f785-33c5-8888-63ba27efca4c,bc8ffa4d-a423-4fbf-8b43-15f574493a56,78c5dbfc-f8e5-4005-993f-51e160249661
The Wrestler,Working on a Dream,2009-01,2009-01-01,1,13,9cec178a-f785-33c5-8888-63ba27efca4c,bc8ffa4d-a423-4fbf-8b43-15f574493a56,1fc56316-24d6-4835-9b3c-166f4ab39a6f
Sa Story Musicale par Antoine de Caunes,Working on a Dream,2009-01,2009-01-01,3,1,9cec178a-f785-33c5-8888-63ba27efca4c,bc8ffa4d-a423-4fbf-8b43-15f574493a56,3976f250-d485-46e9-8fcb-d4d06ea55421
Racing in the Street (’78),The Promise,2010,2010-01-01,1,1,2872c420-5a5f-482e-b00c-199541c5b9b3,29b10a5b-490c-4782-9b95-76536c7d3d60,cc757ed8-5299-4934-85d0-6a16c5a6fb28
Gotta Get That Feeling,The Promise,2010,2010-01-01,1,2,2872c420-5a5f-482e-b00c-199541c5b9b3,29b10a5b-490c-4782-9b95-76536c7d3d60,bb5e162d-2111-42a1-89e6-6f0caa1e001a
Outside Looking In,The Promise,2010,2010-01-01,1,3,2872c420-5a5f-482e-b00c-199541c5b9b3,29b10a5b-490c-4782-9b95-76536c7d3d60,adcecbc6-08b7-4e73-b333-0598da84658f
Someday (We’ll Be Together),The Promise,2010,2010-01-01,1,4,2872c420-5a5f-482e-b00c-199541c5b9b3,29b10a5b-490c-4782-9b95-76536c7d3d60,63572289-96c7-46c1-86a0-8b3f425ddcad
One Way Street,The Promise,2010,2010-01-01,1,5,2872c420-5a5f-482e-b00c-199541c5b9b3,29b10a5b-490c-4782-9b95-76536c7d3d60,1be88479-1f22-44ab-9a67-111e8220058f
Because the Night,The Promise,2010,2010-01-01,1,6,2872c420-5a5f-482e-b00c-199541c5b9b3,29b10a5b-490c-4782-9b95-76536c7d3d60,f82149ca-e447-4d8e-ac3e-e57238873295
Wrong Side of the Street,The Promise,2010,2010-01-01,1,7,2872c420-5a5f-482e-b00c-199541c5b9b3,29b10a5b-490c-4782-9b95-76536c7d3d60,cc3cf3ab-d102-47a0-b328-918b31b37eca
The Brokenhearted,The Promise,2010,2010-01-01,1,8,2872c420-5a5f-482e-b00c-199541c5b9b3,29b10a5b-490c-4782-9b95-76536c7d3d60,7a54a5d5-8188-495a-8b51-84a056c45a97
Rendezvous,The Promise,2010,2010-01-01,1,9,2872c420-5a5f-482e-b00c-199541c5b9b3,29b10a5b-490c-4782-9b95-76536c7d3d60,710cbdae-ed19-4fbc-98ef-18f9e55c4d51
Candy’s Boy,The Promise,2010,2010-01-01,1,10,2872c420-5a5f-482e-b00c-199541c5b9b3,29b10a5b-490c-4782-9b95-76536c7d3d60,6a2fc892-cd6c-402d-ad59-04e1c04d7bfc
Save My Love,The Promise,2010,2010-01-01,2,1,2872c420-5a5f-482e-b00c-199541c5b9b3,29b10a5b-490c-4782-9b95-76536c7d3d60,74febca8-271f-450a-a18e-a83fb4dfb247
Ain’t Good Enough for You,The Promise,2010,2010-01-01,2,2,2872c420-5a5f-482e-b00c-199541c5b9b3,29b10a5b-490c-4782-9b95-76536c7d3d60,6eac232f-c5b0-40a1-9fee-2b76cfd85eab
Fire,The Promise,2010,2010-01-01,2,3,2872c420-5a5f-482e-b00c-199541c5b9b3,29b10a5b-490c-4782-9b95-76536c7d3d60,d18e95d8-daf8-49d1-9341-ffdb7df1e512
Spanish Eyes,The Promise,2010,2010-01-01,2,4,2872c420-5a5f-482e-b00c-199541c5b9b3,29b10a5b-490c-4782-9b95-76536c7d3d60,5e500fc6-8bf7-4a27-b2b1-7b29df4002b5
It’s a Shame,The Promise,2010,2010-01-01,2,5,2872c420-5a5f-482e-b00c-199541c5b9b3,29b10a5b-490c-4782-9b95-76536c7d3d60,23b7e8db-17c7-424f-a61c-edbf9406d55c
Come On (Let’s Go Tonight),The Promise,2010,2010-01-01,2,6,2872c420-5a5f-482e-b00c-199541c5b9b3,29b10a5b-490c-4782-9b95-76536c7d3d60,67881621-0be7-4af7-a831-b19306a78b9d
Talk to Me,The Promise,2010,2010-01-01,2,7,2872c420-5a5f-482e-b00c-199541c5b9b3,29b10a5b-490c-4782-9b95-76536c7d3d60,8058ba90-77f0-4788-9b8a-639d426c7267
The Little Things (My Baby Does),The Promise,2010,2010-01-01,2,8,2872c420-5a5f-482e-b00c-199541c5b9b3,29b10a5b-490c-4782-9b95-76536c7d3d60,d5843db4-0c1f-4dca-a2ae-709dcc9081f8
Breakaway,The Promise,2010,2010-01-01,2,9,2872c420-5a5f-482e-b00c-199541c5b9b3,29b10a5b-490c-4782-9b95-76536c7d3d60,b9e1dae4-1cec-41c1-b91c-b0c5a331ad45
The Promise,The Promise,2010,2010-01-01,2,10,2872c420-5a5f-482e-b00c-199541c5b9b3,29b10a5b-490c-4782-9b95-76536c7d3d60,aadac219-beef-49b6-800d-ee178a290d30
City of Night,The Promise,2010,2010-01-01,2,11,2872c420-5a5f-482e-b00c-199541c5b9b3,29b10a5b-490c-4782-9b95-76536c7d3d60,50f21de5-beaa-4b1c-9d50-d56fd92cbbfd
We Take Care of Our Own,Wrecking Ball,2012,2012-01-01,1,1,d875c2f0-27d5-4946-81f9-3ebaf6636ccd,bf400cc4-ce18-4b0b-bc76-e11879b22c25,318916e8-f977-432d-a2ba-ead292e84269
Easy Money,Wrecking Ball,2012,2012-01-01,1,2,d875c2f0-27d5-4946-81f9-3ebaf6636ccd,bf400cc4-ce18-4b0b-bc76-e11879b22c25,31935b43-7cc7-4032-b47e-2f2f87b71237
Shackled and Drawn,Wrecking Ball,2012,2012-01-01,1,3,d875c2f0-27d5-4946-81f9-3ebaf6636ccd,bf400cc4-ce18-4b0b-bc76-e11879b22c25,424e5cfd-6456-493f-99e0-474c2c669c75
Jack of All Trades,Wrecking Ball,2012,2012-01-01,1,4,d875c2f0-27d5-4946-81f9-3ebaf6636ccd,bf400cc4-ce18-4b0b-bc76-e11879b22c25,474f1c33-e396-4678-b40b-7ccae4f4d583
Death to My Hometown,Wrecking Ball,2012,2012-01-01,1,5,d875c2f0-27d5-4946-81f9-3ebaf6636ccd,bf400cc4-ce18-4b0b-bc76-e11879b22c25,4725d1ed-3055-43e2-8c7d-f2a4dfa023a2
This Depression,Wrecking Ball,2012,2012-01-01,1,6,d875c2f0-27d5-4946-81f9-3ebaf6636ccd,bf400cc4-ce18-4b0b-bc76-e11879b22c25,c85e35a8-d000-4583-ba7f-1793fb320830
Wrecking Ball,Wrecking Ball,2012,2012-01-01,1,7,d875c2f0-27d5-4946-81f9-3ebaf6636ccd,bf400cc4-ce18-4b0b-bc76-e11879b22c25,15e48d0e-343f-43c5-90d9-0564fe62c6d8
You’ve Got It,Wrecking Ball,2012,2012-01-01,1,8,d875c2f0-27d5-4946-81f9-3ebaf6636ccd,bf400cc4-ce18-4b0b-bc76-e11879b22c25,1b3fd380-52a9-41bf-b9a9-9d032fb673de
Rocky Ground,Wrecking Ball,2012,2012-01-01,1,9,d875c2f0-27d5-4946-81f9-3ebaf6636ccd,bf400cc4-ce18-4b0b-bc76-e11879b22c25,75fa6178-1ec6-4123-8dc4-6a1d2973d34a
Land of Hope and Dreams,Wrecking Ball,2012,2012-01-01,1,10,d875c2f0-27d5-4946-81f9-3ebaf6636ccd,bf400cc4-ce18-4b0b-bc76-e11879b22c25,2baa56dc-6ddf-4602-85a0-1088050da207
We Are Alive,Wrecking Ball,2012,2012-01-01,1,11,d875c2f0-27d5-4946-81f9-3ebaf6636ccd,bf400cc4-ce18-4b0b-bc76-e11879b22c25,f6a578ba-e14c-44fc-8219-14f4e865ab3c
High Hopes,High Hopes,2014,2014-01-01,1,1,e9afb320-60f4-42b1-bc4d-49d7d2e49010,c392f0dd-ae6e-43e9-abb2-bdc97345b11a,53618a2c-f644-452c-859a-c970912f5e40
Harry’s Place,High Hopes,2014,2014-01-01,1,2,e9afb320-60f4-42b1-bc4d-49d7d2e49010,c392f0dd-ae6e-43e9-abb2-bdc97345b11a,3f282b32-936c-4b81-8a2c-3fb011ab4f85
American Skin (41 Shots),High Hopes,2014,2014-01-01,1,3,e9afb320-60f4-42b1-bc4d-49d7d2e49010,c392f0dd-ae6e-43e9-abb2-bdc97345b11a,646c494d-ef71-4daf-84a6-07fcdbfe09fe
Just Like Fire Would,High Hopes,2014,2014-01-01,1,4,e9afb320-60f4-42b1-bc4d-49d7d2e49010,c392f0dd-ae6e-43e9-abb2-bdc97345b11a,bdeb2532-c3b6-41c4-b058-6d963485d7e3
Down in the Hole,High Hopes,2014,2014-01-01,1,5,e9afb320-60f4-42b1-bc4d-49d7d2e49010,c392f0dd-ae6e-43e9-abb2-bdc97345b11a,fc6edfa7-88d2-49c3-9d02-190d183bb951
Heaven’s Wall,High Hopes,2014,2014-01-01,1,6,e9afb320-60f4-42b1-bc4d-49d7d2e49010,c392f0dd-ae6e-43e9-abb2-bdc97345b11a,1cbcfea2-47db-42d5-9d17-e4cb0e9c173a
Frankie Fell in Love,High Hopes,2014,2014-01-01,1,7,e9afb320-60f4-42b1-bc4d-49d7d2e49010,c392f0dd-ae6e-43e9-abb2-bdc97345b11a,0cf63d46-2d4d-4dbe-b442-8d6b4ff38c64
This Is Your Sword,High Hopes,2014,2014-01-01,1,8,e9afb320-60f4-42b1-bc4d-49d7d2e49010,c392f0dd-ae6e-43e9-abb2-bdc97345b11a,51ef215d-37ea-43d0-8cf1-d6d9e678eaed
Hunter of Invisible Game,High Hopes,2014,2014-01-01,1,9,e9afb320-60f4-42b1-bc4d-49d7d2e49010,c392f0dd-ae6e-43e9-abb2-bdc97345b11a,5cb11313-6a20-47c4-b8c6-469d037c4206
The Ghost of Tom Joad,High Hopes,2014,2014-01-01,1,10,e9afb320-60f4-42b1-bc4d-49d7d2e49010,c392f0dd-ae6e-43e9-abb2-bdc97345b11a,efc16d29-a9be-4806-8678-316bf1de19ac
The Wall,High Hopes,2014,2014-01-01,1,11,e9afb320-60f4-42b1-bc4d-49d7d2e49010,c392f0dd-ae6e-43e9-abb2-bdc97345b11a,4f4fa9e3-733c-47eb-90b9-19648818aed7
Dream Baby Dream,High Hopes,2014,2014-01-01,1,12,e9afb320-60f4-42b1-bc4d-49d7d2e49010,c392f0dd-ae6e-43e9-abb2-bdc97345b11a,f13916f3-d0cf-4eb9-bc04-bf8b8d64544e
Hitch Hikin’,Western Stars,2019-06-14,2019-06-14,1,1,c0ae827c-bb5b-4c98-ab3a-1d9573c110ac,ed818003-d492-40aa-8b01-29094ab249e5,e92fa584-1ee0-43da-abcd-0c5be219d5d0
The Wayfarer,Western Stars,2019-06-14,2019-06-14,1,2,c0ae827c-bb5b-4c98-ab3a-1d9573c110ac,ed818003-d492-40aa-8b01-29094ab249e5,5e60a8de-1ad0-4151-88a1-ba6162242ced
Tucson Train,Western Stars,2019-06-14,2019-06-14,1,3,c0ae827c-bb5b-4c98-ab3a-1d9573c110ac,ed818003-d492-40aa-8b01-29094ab249e5,a53f311a-c311-440b-a9c4-39fb327eea35
Western Stars,Western Stars,2019-06-14,2019-06-14,1,4,c0ae827c-bb5b-4c98-ab3a-1d9573c110ac,ed818003-d492-40aa-8b01-29094ab249e5,20613322-2d02-4a9c-b447-6cab891e6f6f
Sleepy Joe’s Café,Western Stars,2019-06-14,2019-06-14,1,5,c0ae827c-bb5b-4c98-ab3a-1d9573c110ac,ed818003-d492-40aa-8b01-29094ab249e5,058ca100-319d-4daf-8474-4180821e2d0b
Drive Fast (The Stuntman),Western Stars,2019-06-14,2019-06-14,1,6,c0ae827c-bb5b-4c98-ab3a-1d9573c110ac,ed818003-d492-40aa-8b01-29094ab249e5,cd1b6883-cf7a-46c3-9a8a-598ea2a0e07f
Chasin’ Wild Horses,Western Stars,2019-06-14,2019-06-14,1,7,c0ae827c-bb5b-4c98-ab3a-1d9573c110ac,ed818003-d492-40aa-8b01-29094ab249e5,d8282c36-d7e5-41a9-b545-c2959290de28
Sundown,Western Stars,2019-06-14,2019-06-14,1,8,c0ae827c-bb5b-4c98-ab3a-1d9573c110ac,ed818003-d492-40aa-8b01-29094ab249e5,f36c891e-c7e5-4137-9a2d-7ef5df9cfe90
Somewhere North of Nashville,Western Stars,2019-06-14,2019-06-14,1,9,c0ae827c-bb5b-4c98-ab3a-1d9573c110ac,ed818003-d492-40aa-8b01-29094ab249e5,00827575-1424-4dcf-ab38-7ca7ec17a1f0
Stones,Western Stars,2019-06-14,2019-06-14,1,10,c0ae827c-bb5b-4c98-ab3a-1d9573c110ac,ed818003-d492-40aa-8b01-29094ab249e5,55636ede-f0cc-47ad-9be4-e8f0412e0e54
There Goes My Miracle,Western Stars,2019-06-14,2019-06-14,1,11,c0ae827c-bb5b-4c98-ab3a-1d9573c110ac,ed818003-d492-40aa-8b01-29094ab249e5,24fed77a-f150-4648-b760-69debc5c1c0b
Hello Sunshine,Western Stars,2019-06-14,2019-06-14,1,12,c0ae827c-bb5b-4c98-ab3a-1d9573c110ac,ed818003-d492-40aa-8b01-29094ab249e5,2d0c412a-c803-4ec7-bbeb-871ce17680df
Moonlight Motel,Western Stars,2019-06-14,2019-06-14,1,13,c0ae827c-bb5b-4c98-ab3a-1d9573c110ac,ed818003-d492-40aa-8b01-29094ab249e5,94edf590-5211-42e4-a0ae-859edb64ccf6
One Minute You’re Here,Letter to You,2020-10-23,2020-10-23,1,1,48e335f3-8e4a-4e38-b2df-e1514b9f9126,babb4c54-bca0-4eb9-b444-369c34d3404d,876dcaa7-1bc1-44e7-b453-0ed7ec6bcba7
Letter to You,Letter to You,2020-10-23,2020-10-23,1,2,48e335f3-8e4a-4e38-b2df-e1514b9f9126,babb4c54-bca0-4eb9-b444-369c34d3404d,2b39dd01-c09b-4033-b0d2-731905349b97
Burnin’ Train,Letter to You,2020-10-23,2020-10-23,1,3,48e335f3-8e4a-4e38-b2df-e1514b9f9126,babb4c54-bca0-4eb9-b444-369c34d3404d,77fdfa52-c749-4cd5-a237-1cb35795f812
Janey Needs a Shooter,Letter to You,2020-10-23,2020-10-23,1,4,48e335f3-8e4a-4e38-b2df-e1514b9f9126,babb4c54-bca0-4eb9-b444-369c34d3404d,3aac87f1-6813-46b4-8c6a-bf705ac2e716
Last Man Standing,Letter to You,2020-10-23,2020-10-23,1,5,48e335f3-8e4a-4e38-b2df-e1514b9f9126,babb4c54-bca0-4eb9-b444-369c34d3404d,f505a6e1-3bef-4311-b190-081f1d8afcf3
The Power of Prayer,Letter to You,2020-10-23,2020-10-23,1,6,48e335f3-8e4a-4e38-b2df-e1514b9f9126,babb4c54-bca0-4eb9-b444-369c34d3404d,6beb50dc-d90a-4c8f-9b18-e49d7f4b3d23
House of a Thousand Guitars,Letter to You,2020-10-23,2020-10-23,1,7,48e335f3-8e4a-4e38-b2df-e1514b9f9126,babb4c54-bca0-4eb9-b444-369c34d3404d,8935af0e-8f4f-4b39-815a-fd41daf11447
Rainmaker,Letter to You,2020-10-23,2020-10-23,1,8,48e335f3-8e4a-4e38-b2df-e1514b9f9126,babb4c54-bca0-4eb9-b444-369c34d3404d,959ef5cc-2976-452c-b9e1-fdb156a0b3e5
If I Was the Priest,Letter to You,2020-10-23,2020-10-23,1,9,48e335f3-8e4a-4e38-b2df-e1514b9f9126,babb4c54-bca0-4eb9-b444-369c34d3404d,bccd7677-41e8-4bde-8eb5-ab5f89f63356
Ghosts,Letter to You,2020-10-23,2020-10-23,1,10,48e335f3-8e4a-4e38-b2df-e1514b9f9126,babb4c54-bca0-4eb9-b444-369c34d3404d,def386b4-ca2b-4571-af95-48f7a0e8b419
Song for Orphans,Letter to You,2020-10-23,2020-10-23,1,11,48e335f3-8e4a-4e38-b2df-e1514b9f9126,babb4c54-bca0-4eb9-b444-369c34d3404d,2c8ac419-6bf3-4a1c-9253-6022f9c30e60
I’ll See You in My Dreams,Letter to You,2020-10-23,2020-10-23,1,12,48e335f3-8e4a-4e38-b2df-e1514b9f9126,babb4c54-bca0-4eb9-b444-369c34d3404d,cebc4e51-3f46-4d08-9ffd-af55d069900c
Only the Strong Survive,"Only the Strong Survive: Covers, Vol. 1",2022-11-11,2022-11-11,1,1,d6c1b942-edc7-4bca-bd34-6c43760272af,91d40c05-d40b-4bcb-92a7-554320b315fc,208eee95-25c4-4f22-a7e3-27811931d5c3
Soul Days,"Only the Strong Survive: Covers, Vol. 1",2022-11-11,2022-11-11,1,2,d6c1b942-edc7-4bca-bd34-6c43760272af,91d40c05-d40b-4bcb-92a7-554320b315fc,7a3dfc11-f901-4b7b-9626-45eb557f16b9
Nightshift,"Only the Strong Survive: Covers, Vol. 1",2022-11-11,2022-11-11,1,3,d6c1b942-edc7-4bca-bd34-6c43760272af,91d40c05-d40b-4bcb-92a7-554320b315fc,ac413c4f-f270-4c32-8adc-a17e3bd7b60f
Do I Love You (Indeed I Do),"Only the Strong Survive: Covers, Vol. 1",2022-11-11,2022-11-11,1,4,d6c1b942-edc7-4bca-bd34-6c43760272af,91d40c05-d40b-4bcb-92a7-554320b315fc,22208708-427d-4e4f-991f-0bfd8e6a6bc0
The Sun Ain’t Gonna Shine Anymore,"Only the Strong Survive: Covers, Vol. 1",2022-11-11,2022-11-11,1,5,d6c1b942-edc7-4bca-bd34-6c43760272af,91d40c05-d40b-4bcb-92a7-554320b315fc,15e864bc-f33a-4613-b7f1-39a169c77ca9
Turn Back the Hands of Time,"Only the Strong Survive: Covers, Vol. 1",2022-11-11,2022-11-11,1,6,d6c1b942-edc7-4bca-bd34-6c43760272af,91d40c05-d40b-4bcb-92a7-554320b315fc,45016ac4-a459-4633-a7a7-afa285fd4ea4
When She Was My Girl,"Only the Strong Survive: Covers, Vol. 1",2022-11-11,2022-11-11,1,7,d6c1b942-edc7-4bca-bd34-6c43760272af,91d40c05-d40b-4bcb-92a7-554320b315fc,0894f47c-7d14-471c-91d7-7bc2a82753f0
"Hey, Western Union Man","Only the Strong Survive: Covers, Vol. 1",2022-11-11,2022-11-11,1,8,d6c1b942-edc7-4bca-bd34-6c43760272af,91d40c05-d40b-4bcb-92a7-554320b315fc,c12cd929-a1ed-45b9-b79c-69c4d064aa3e
I Wish It Would Rain,"Only the Strong Survive: Covers, Vol. 1",2022-11-11,2022-11-11,1,9,d6c1b942-edc7-4bca-bd34-6c43760272af,91d40c05-d40b-4bcb-92a7-554320b315fc,f139b071-5ce6-42d2-9063-55dbb8ec1931
Don’t Play That Song,"Only the Strong Survive: Covers, Vol. 1",2022-11-11,2022-11-11,1,10,d6c1b942-edc7-4bca-bd34-6c43760272af,91d40c05-d40b-4bcb-92a7-554320b315fc,3845a406-7cef-489a-afda-7658f61be360
Any Other Way,"Only the Strong Survive: Covers, Vol. 1",2022-11-11,2022-11-11,1,11,d6c1b942-edc7-4bca-bd34-6c43760272af,91d40c05-d40b-4bcb-92a7-554320b315fc,119fbb99-2db5-4d4c-a5f8-5ce0f92e94a5
I Forgot to Be Your Lover,"Only the Strong Survive: Covers, Vol. 1",2022-11-11,2022-11-11,1,12,d6c1b942-edc7-4bca-bd34-6c43760272af,91d40c05-d40b-4bcb-92a7-554320b315fc,c738f9c9-bc00-49b4-803a-7373fab7cb87
7 Rooms of Gloom,"Only the Strong Survive: Covers, Vol. 1",2022-11-11,2022-11-11,1,13,d6c1b942-edc7-4bca-bd34-6c43760272af,91d40c05-d40b-4bcb-92a7-554320b315fc,8b9d2015-60ed-4fea-8343-6b0795340a11
What Becomes of the Brokenhearted,"Only the Strong Survive: Covers, Vol. 1",2022-11-11,2022-11-11,1,14,d6c1b942-edc7-4bca-bd34-6c43760272af,91d40c05-d40b-4bcb-92a7-554320b315fc,d03b4c75-c274-441c-9e13-7cc2d66dbff8
Someday We’ll Be Together,"Only the Strong Survive: Covers, Vol. 1",2022-11-11,2022-11-11,1,15,d6c1b942-edc7-4bca-bd34-6c43760272af,91d40c05-d40b-4bcb-92a7-554320b315fc,e4aac758-c075-4439-829e-f8624e465711
