song_title,album_release_date_iso
"4th of July, Asbury Park (Sandy)",1973-01-01
Blinded by the Light,1973-01-01
Does This Bus Stop at 82nd Street?,1973-01-01
For You,1973-01-01
Growin’ Up,1973-01-01
Incident on 57th Street,1973-01-01
It’s Hard to Be a Saint in the City,1973-01-01
Kitty’s Back,1973-01-01
Lost in the Flood,1973-01-01
Mary Queen of Arkansas,1973-01-01
New York City Serenade,1973-01-01
Rosalita (Come Out Tonight),1973-01-01
Spirit in the Night,1973-01-01
The Angel,1973-01-01
The E Street Shuffle,1973-01-01
Wild Billy’s Circus Story,1973-01-01
Backstreets,1975-01-01
Born to Run,1975-01-01
Jungleland,1975-01-01
Meeting Across the River,1975-01-01
Night,1975-01-01
She’s the One,1975-01-01
Tenth Avenue Freeze‐Out,1975-01-01
Thunder Road,1975-01-01
Adam Raised a Cain,1978-01-01
Badlands,1978-01-01
Candy’s Room,1978-01-01
Darkness on the Edge of Town,1978-01-01
Factory,1978-01-01
Prove It All Night,1978-01-01
Racing in the Street,1978-01-01
Something in the Night,1978-01-01
Streets of Fire,1978-01-01
The Promised Land,1978-01-01
Cadillac Ranch,1980-01-01
Crush on You,1980-01-01
Drive All Night,1980-01-01
Fade Away,1980-01-01
Hungry Heart,1980-01-01
I Wanna Marry You,1980-01-01
Independence Day,1980-01-01
I’m a Rocker,1980-01-01
Jackson Cage,1980-01-01
Out in the Street,1980-01-01
Point Blank,1980-01-01
Ramrod,1980-01-01
Sherry Darling,1980-01-01
Stolen Car,1980-01-01
The Price You Pay,1980-01-01
The River,1980-01-01
The Ties That Bind,1980-01-01
Two Hearts,1980-01-01
Wreck on the Highway,1980-01-01
You Can Look (but You Better Not Touch),1980-01-01
Atlantic City,1982-01-01
Highway Patrolman,1982-01-01
Johnny 99,1982-01-01
Mansion on the Hill,1982-01-01
My Father’s House,1982-01-01
Nebraska,1982-01-01
Open All Night,1982-01-01
Reason to Believe,1982-01-01
State Trooper,1982-01-01
Used Cars,1982-01-01
Bobby Jean,1984-01-01
Born in the U.S.A.,1984-01-01
Cover Me,1984-01-01
Dancing in the Dark,1984-01-01
Darlington County,1984-01-01
Downbound Train,1984-01-01
Glory Days,1984-01-01
I’m Goin’ Down,1984-01-01
I’m on Fire,1984-01-01
My Hometown,1984-01-01
No Surrender,1984-01-01
Working on the Highway,1984-01-01
Ain’t Got You,1987-01-01
All That Heaven Will Allow,1987-01-01
Brilliant Disguise,1987-01-01
Cautious Man,1987-01-01
One Step Up,1987-01-01
Spare Parts,1987-01-01
Tougher Than the Rest,1987-01-01
Tunnel of Love,1987-01-01
Two Faces,1987-01-01
Valentine’s Day,1987-01-01
Walk Like a Man,1987-01-01
When You’re Alone,1987-01-01
57 Channels (and Nothin’ On),1992-01-01
All or Nothin’ at All,1992-01-01
Better Days,1992-01-01
Book of Dreams,1992-01-01
Cross My Heart,1992-01-01
Gloria’s Eyes,1992-01-01
Human Touch,1992-01-01
I Wish I Were Blind,1992-01-01
If I Should Fall Behind,1992-01-01
Leap of Faith,1992-01-01
Living Proof,1992-01-01
Local Hero,1992-01-01
Lucky Town,1992-01-01
Man’s Job,1992-01-01
My Beautiful Reward,1992-01-01
Pony Boy,1992-01-01
Real Man,1992-01-01
Real World,1992-01-01
Roll of the Dice,1992-01-01
Soul Driver,1992-01-01
Souls of the Departed,1992-01-01
The Big Muddy,1992-01-01
The Long Goodbye,1992-01-01
With Every Wish,1992-01-01
Across the Border,1995-01-01
Balboa Park,1995-01-01
Dry Lightning,1995-01-01
Galveston Bay,1995-01-01
Highway 29,1995-01-01
My Best Was Never Good Enough,1995-01-01
Sinaloa Cowboys,1995-01-01
Straight Time,1995-01-01
The Ghost of Tom Joad,1995-01-01
The Line,1995-01-01
The New Timer,1995-01-01
Youngstown,1995-01-01
Countin’ On a Miracle,2002-01-01
Empty Sky,2002-01-01
Further On (up the Road),2002-01-01
Into the Fire,2002-01-01
Let’s Be Friends (Skin to Skin),2002-01-01
Lonesome Day,2002-01-01
Mary’s Place,2002-01-01
My City of Ruins,2002-01-01
Nothing Man,2002-01-01
Paradise,2002-01-01
The Fuse,2002-01-01
The Rising,2002-01-01
Waitin’ on a Sunny Day,2002-01-01
Worlds Apart,2002-01-01
You’re Missing,2002-01-01
All I’m Thinkin’ About,2005-01-01
All the Way Home,2005-01-01
Black Cowboys,2005-01-01
Devils & Dust,2005-01-01
Jesus Was an Only Son,2005-01-01
Leah,2005-01-01
Long Time Comin’,2005-01-01
Maria’s Bed,2005-01-01
Matamoros Banks,2005-01-01
Reno,2005-01-01
Silver Palomino,2005-01-01
The Hitter,2005-01-01
Erie Canal,2006-01-01
Eyes on the Prize,2006-01-01
Froggie Went a Courtin’,2006-01-01
Jacob’s Ladder,2006-01-01
Jesse James,2006-01-01
John Henry,2006-01-01
Mrs. McGrath,2006-01-01
My Oklahoma Home,2006-01-01
O Mary Don’t You Weep,2006-01-01
Old Dan Tucker,2006-01-01
Pay Me My Money Down,2006-01-01
Shenandoah,2006-01-01
We Shall Overcome,2006-01-01
Devil’s Arcade,2007-01-01
Girls in Their Summer Clothes,2007-01-01
Gypsy Biker,2007-01-01
I’ll Work for Your Love,2007-01-01
Last to Die,2007-01-01
Livin’ in the Future,2007-01-01
Long Walk Home,2007-01-01
Magic,2007-01-01
Radio Nowhere,2007-01-01
Terry’s Song,2007-01-01
Your Own Worst Enemy,2007-01-01
You’ll Be Comin’ Down,2007-01-01
Good Eye,2009-01-01
Kingdom of Days,2009-01-01
Life Itself,2009-01-01
My Lucky Day,2009-01-01
Outlaw Pete,2009-01-01
Queen of the Supermarket,2009-01-01
Sa Story Musicale par Antoine de Caunes,2009-01-01
"Surprise, Surprise",2009-01-01
The Last Carnival,2009-01-01
The Wrestler,2009-01-01
This Life,2009-01-01
Tomorrow Never Knows,2009-01-01
What Love Can Do,2009-01-01
Working on a Dream,2009-01-01
Ain’t Good Enough for You,2010-01-01
Because the Night,2010-01-01
Breakaway,2010-01-01
Candy’s Boy,2010-01-01
City of Night,2010-01-01
Come On (Let’s Go Tonight),2010-01-01
Fire,2010-01-01
Gotta Get That Feeling,2010-01-01
It’s a Shame,2010-01-01
One Way Street,2010-01-01
Outside Looking In,2010-01-01
Racing in the Street (’78),2010-01-01
Rendezvous,2010-01-01
Save My Love,2010-01-01
Someday (We’ll Be Together),2010-01-01
Spanish Eyes,2010-01-01
Talk to Me,2010-01-01
The Brokenhearted,2010-01-01
The Little Things (My Baby Does),2010-01-01
The Promise,2010-01-01
Wrong Side of the Street,2010-01-01
Death to My Hometown,2012-01-01
Easy Money,2012-01-01
Jack of All Trades,2012-01-01
Land of Hope and Dreams,2012-01-01
Rocky Ground,2012-01-01
Shackled and Drawn,2012-01-01
This Depression,2012-01-01
We Are Alive,2012-01-01
We Take Care of Our Own,2012-01-01
Wrecking Ball,2012-01-01
You’ve Got It,2012-01-01
American Skin (41 Shots),2014-01-01
Down in the Hole,2014-01-01
Dream Baby Dream,2014-01-01
Frankie Fell in Love,2014-01-01
Harry’s Place,2014-01-01
Heaven’s Wall,2014-01-01
High Hopes,2014-01-01
Hunter of Invisible Game,2014-01-01
Just Like Fire Would,2014-01-01
The Wall,2014-01-01
This Is Your Sword,2014-01-01
Chasin’ Wild Horses,2019-06-14
Drive Fast (The Stuntman),2019-06-14
Hello Sunshine,2019-06-14
Hitch Hikin’,2019-06-14
Moonlight Motel,2019-06-14
Sleepy Joe’s Café,2019-06-14
Somewhere North of Nashville,2019-06-14
Stones,2019-06-14
Sundown,2019-06-14
The Wayfarer,2019-06-14
There Goes My Miracle,2019-06-14
Tucson Train,2019-06-14
Western Stars,2019-06-14
Burnin’ Train,2020-10-23
Ghosts,2020-10-23
House of a Thousand Guitars,2020-10-23
If I Was the Priest,2020-10-23
I’ll See You in My Dreams,2020-10-23
Janey Needs a Shooter,2020-10-23
Last Man Standing,2020-10-23
Letter to You,2020-10-23
One Minute You’re Here,2020-10-23
Rainmaker,2020-10-23
Song for Orphans,2020-10-23
The Power of Prayer,2020-10-23
7 Rooms of Gloom,2022-11-11
Any Other Way,2022-11-11
Do I Love You (Indeed I Do),2022-11-11
Don’t Play That Song,2022-11-11
"Hey, Western Union Man",2022-11-11
I Forgot to Be Your Lover,2022-11-11
I Wish It Would Rain,2022-11-11
Nightshift,2022-11-11
Only the Strong Survive,2022-11-11
Someday We’ll Be Together,2022-11-11
Soul Days,2022-11-11
The Sun Ain’t Gonna Shine Anymore,2022-11-11
Turn Back the Hands of Time,2022-11-11
What Becomes of the Brokenhearted,2022-11-11
When She Was My Girl,2022-11-11
